{
	"info": {
		"_postman_id": "c445a5e4-7794-4f77-84c9-43ca25871909",
		"name": "to move",
		"schema": "https://schema.getpostman.com/json/collection/v2.1.0/collection.json",
		"_exporter_id": "28439519",
		"_collection_link": "https://general-net-front-back.postman.co/workspace/General-House-Services~64c84b42-4368-4020-a8db-9cbeab3735a7/collection/28439519-c445a5e4-7794-4f77-84c9-43ca25871909?action=share&source=collection_link&creator=28439519"
	},
	"item": [
		{
			"name": "Client auth Copy",
			"item": [
				{
					"name": "login",
					"request": {
						"method": "POST",
						"header": [
							{
								"key": "Accept-Language",
								"value": "ar",
								"type": "text"
							},
							{
								"key": "api-token",
								"value": "gh-general",
								"type": "text"
							},
							{
								"key": "",
								"value": "",
								"type": "text",
								"disabled": true
							}
						],
						"body": {
							"mode": "formdata",
							"formdata": [
								{
									"key": "email",
									"value": "company2@test.com",
									"type": "text"
								},
								{
									"key": "password",
									"value": "test",
									"type": "text"
								}
							]
						},
						"url": {
							"raw": "{{url}}client/login",
							"host": [
								"{{url}}client"
							],
							"path": [
								"login"
							]
						}
					},
					"response": []
				},
				{
					"name": "register",
					"request": {
						"method": "POST",
						"header": [
							{
								"key": "Accept-Language",
								"value": "ar",
								"type": "text"
							},
							{
								"key": "api-token",
								"value": "gh-general",
								"type": "text"
							},
							{
								"key": "",
								"value": "",
								"type": "text",
								"disabled": true
							}
						],
						"body": {
							"mode": "formdata",
							"formdata": [
								{
									"key": "token",
									"value": "26PnG",
									"type": "text",
									"disabled": true
								},
								{
									"key": "email",
									"value": "mahmoud@gmail.com",
									"type": "text"
								},
								{
									"key": "password",
									"value": "test12",
									"type": "text"
								},
								{
									"key": "name",
									"value": "mahmoud",
									"type": "text"
								},
								{
									"key": "phone",
									"value": "012341234",
									"type": "text"
								},
								{
									"key": "age",
									"value": "12",
									"type": "text"
								},
								{
									"key": "address",
									"value": "sffdf",
									"type": "text"
								},
								{
									"key": "gender",
									"value": "male",
									"type": "text"
								},
								{
									"key": "country id",
									"value": "19",
									"type": "text"
								}
							]
						},
						"url": {
							"raw": "{{url}}client/register",
							"host": [
								"{{url}}client"
							],
							"path": [
								"register"
							]
						}
					},
					"response": []
				},
				{
					"name": "update profile",
					"request": {
						"auth": {
							"type": "bearer",
							"bearer": [
								{
									"key": "token",
									"value": "{{client}}",
									"type": "string"
								}
							]
						},
						"method": "POST",
						"header": [
							{
								"key": "Accept-Language",
								"value": "ar",
								"type": "text"
							},
							{
								"key": "api-token",
								"value": "gh-general",
								"type": "text"
							},
							{
								"key": "",
								"value": "",
								"type": "text",
								"disabled": true
							}
						],
						"body": {
							"mode": "formdata",
							"formdata": [
								{
									"key": "token",
									"value": "26PnG",
									"type": "text",
									"disabled": true
								},
								{
									"key": "email",
									"value": "mahmoud@gmail.com",
									"type": "text"
								},
								{
									"key": "password",
									"value": "test-test",
									"type": "text"
								},
								{
									"key": "name",
									"value": "updated name",
									"type": "text"
								},
								{
									"key": "phone",
									"value": "012341234",
									"type": "text"
								},
								{
									"key": "age",
									"value": "12",
									"type": "text"
								},
								{
									"key": "address",
									"value": "address",
									"type": "text"
								},
								{
									"key": "gender",
									"value": "male",
									"type": "text"
								},
								{
									"key": "country id",
									"value": "19",
									"type": "text"
								}
							]
						},
						"url": {
							"raw": "{{url}}client/updateProfile",
							"host": [
								"{{url}}client"
							],
							"path": [
								"updateProfile"
							]
						}
					},
					"response": []
				},
				{
					"name": "reset password",
					"request": {
						"method": "POST",
						"header": [
							{
								"key": "Accept-Language",
								"value": "ar",
								"type": "text"
							},
							{
								"key": "api-token",
								"value": "gh-general",
								"type": "text"
							},
							{
								"key": "",
								"value": "",
								"type": "text",
								"disabled": true
							}
						],
						"body": {
							"mode": "formdata",
							"formdata": [
								{
									"key": "email",
									"value": "admin@test.com",
									"type": "text"
								},
								{
									"key": "password",
									"value": "test",
									"type": "text"
								},
								{
									"key": "token",
									"value": "GJHVN",
									"type": "text"
								}
							]
						},
						"url": {
							"raw": "{{url}}client/reset_password",
							"host": [
								"{{url}}client"
							],
							"path": [
								"reset_password"
							]
						}
					},
					"response": []
				},
				{
					"name": "password reset token for clients",
					"protocolProfileBehavior": {
						"disableBodyPruning": true
					},
					"request": {
						"method": "GET",
						"header": [
							{
								"key": "Accept-Language",
								"value": "ar",
								"type": "text"
							},
							{
								"key": "api-token",
								"value": "gh-general",
								"type": "text"
							},
							{
								"key": "",
								"value": "",
								"type": "text",
								"disabled": true
							}
						],
						"body": {
							"mode": "formdata",
							"formdata": [
								{
									"key": "email",
									"value": "admin@test.com",
									"type": "text"
								},
								{
									"key": "password",
									"value": "test",
									"type": "text"
								}
							]
						},
						"url": {
							"raw": "{{url}}client/send_password_reset_token/anasemad518@gmail.com",
							"host": [
								"{{url}}client"
							],
							"path": [
								"send_password_reset_token",
								"anasemad518@gmail.com"
							]
						}
					},
					"response": []
				}
			]
		},
		{
			"name": "website Last by mahmoud old",
			"item": [
				{
					"name": "home page",
					"item": [
						{
							"name": "show",
							"request": {
								"auth": {
									"type": "noauth"
								},
								"method": "GET",
								"header": [
									{
										"key": "Accept-Language",
										"value": "ar",
										"type": "text"
									},
									{
										"key": "api-token",
										"value": "gh-general",
										"type": "text"
									},
									{
										"key": "",
										"value": "",
										"type": "text",
										"disabled": true
									}
								],
								"url": {
									"raw": "{{url}}client/home_page",
									"host": [
										"{{url}}client"
									],
									"path": [
										"home_page"
									]
								}
							},
							"response": []
						}
					]
				},
				{
					"name": "offers page",
					"item": [
						{
							"name": "show",
							"request": {
								"auth": {
									"type": "noauth"
								},
								"method": "GET",
								"header": [
									{
										"key": "Accept-Language",
										"value": "ar",
										"type": "text"
									},
									{
										"key": "api-token",
										"value": "gh-general",
										"type": "text"
									},
									{
										"key": "",
										"value": "",
										"type": "text",
										"disabled": true
									}
								],
								"url": {
									"raw": "{{url}}client/offer",
									"host": [
										"{{url}}client"
									],
									"path": [
										"offer"
									]
								}
							},
							"response": []
						}
					]
				},
				{
					"name": "about us",
					"item": [
						{
							"name": "show",
							"request": {
								"auth": {
									"type": "noauth"
								},
								"method": "GET",
								"header": [
									{
										"key": "Accept-Language",
										"value": "ar",
										"type": "text"
									},
									{
										"key": "api-token",
										"value": "gh-general",
										"type": "text"
									},
									{
										"key": "",
										"value": "",
										"type": "text",
										"disabled": true
									}
								],
								"url": {
									"raw": "{{url}}about_us_page",
									"host": [
										"{{url}}about_us_page"
									]
								}
							},
							"response": []
						}
					]
				},
				{
					"name": "category page",
					"item": [
						{
							"name": "category",
							"request": {
								"auth": {
									"type": "noauth"
								},
								"method": "GET",
								"header": [
									{
										"key": "Accept-Language",
										"value": "ar",
										"type": "text"
									},
									{
										"key": "api-token",
										"value": "gh-general",
										"type": "text"
									},
									{
										"key": "",
										"value": "",
										"type": "text",
										"disabled": true
									}
								],
								"url": {
									"raw": "{{url}}category",
									"host": [
										"{{url}}category"
									]
								}
							},
							"response": []
						},
						{
							"name": "category with parent",
							"request": {
								"auth": {
									"type": "noauth"
								},
								"method": "GET",
								"header": [
									{
										"key": "Accept-Language",
										"value": "ar",
										"type": "text"
									},
									{
										"key": "api-token",
										"value": "gh-general",
										"type": "text"
									},
									{
										"key": "",
										"value": "",
										"type": "text",
										"disabled": true
									}
								],
								"url": {
									"raw": "{{url}}category?parent_id=21",
									"host": [
										"{{url}}category"
									],
									"query": [
										{
											"key": "parent_id",
											"value": "21"
										}
									]
								}
							},
							"response": []
						},
						{
							"name": "get company with category",
							"request": {
								"auth": {
									"type": "noauth"
								},
								"method": "GET",
								"header": [
									{
										"key": "Accept-Language",
										"value": "ar",
										"type": "text"
									},
									{
										"key": "api-token",
										"value": "gh-general",
										"type": "text"
									},
									{
										"key": "",
										"value": "",
										"type": "text",
										"disabled": true
									}
								],
								"url": {
									"raw": "{{url}}category/21/company",
									"host": [
										"{{url}}category"
									],
									"path": [
										"21",
										"company"
									]
								}
							},
							"response": []
						},
						{
							"name": "Product",
							"request": {
								"auth": {
									"type": "noauth"
								},
								"method": "GET",
								"header": [
									{
										"key": "Accept-Language",
										"value": "ar",
										"type": "text"
									},
									{
										"key": "api-token",
										"value": "gh-general",
										"type": "text"
									},
									{
										"key": "",
										"value": "",
										"type": "text",
										"disabled": true
									}
								],
								"url": {
									"raw": "{{url}}product?company_id=18&category_id=21",
									"host": [
										"{{url}}product"
									],
									"query": [
										{
											"key": "company_id",
											"value": "18"
										},
										{
											"key": "category_id",
											"value": "21"
										}
									]
								}
							},
							"response": []
						}
					]
				},
				{
					"name": "Cart",
					"item": [
						{
							"name": "client Cart",
							"request": {
								"auth": {
									"type": "bearer",
									"bearer": [
										{
											"key": "token",
											"value": "{{client}}",
											"type": "string"
										}
									]
								},
								"method": "GET",
								"header": [
									{
										"key": "Accept-Language",
										"value": "ar",
										"type": "text"
									},
									{
										"key": "api-token",
										"value": "gh-general",
										"type": "text"
									},
									{
										"key": "",
										"value": "",
										"type": "text",
										"disabled": true
									}
								],
								"url": {
									"raw": "{{url}}order/client/cart",
									"host": [
										"{{url}}order"
									],
									"path": [
										"client",
										"cart"
									]
								}
							},
							"response": []
						},
						{
							"name": "Client \"my orders\"",
							"request": {
								"auth": {
									"type": "bearer",
									"bearer": [
										{
											"key": "token",
											"value": "{{client}}",
											"type": "string"
										}
									]
								},
								"method": "GET",
								"header": [
									{
										"key": "Accept-Language",
										"value": "ar",
										"type": "text"
									},
									{
										"key": "api-token",
										"value": "gh-general",
										"type": "text"
									},
									{
										"key": "",
										"value": "",
										"type": "text",
										"disabled": true
									}
								],
								"url": {
									"raw": "{{url}}order/client",
									"host": [
										"{{url}}order"
									],
									"path": [
										"client"
									]
								}
							},
							"response": []
						},
						{
							"name": "Client order rate",
							"request": {
								"auth": {
									"type": "bearer",
									"bearer": [
										{
											"key": "token",
											"value": "{{client}}",
											"type": "string"
										}
									]
								},
								"method": "POST",
								"header": [
									{
										"key": "Accept-Language",
										"value": "ar",
										"type": "text"
									},
									{
										"key": "api-token",
										"value": "gh-general",
										"type": "text"
									},
									{
										"key": "",
										"value": "",
										"type": "text",
										"disabled": true
									}
								],
								"body": {
									"mode": "formdata",
									"formdata": [
										{
											"key": "order_id",
											"value": "94",
											"type": "text"
										},
										{
											"key": "comment",
											"value": "sesesese",
											"type": "text"
										},
										{
											"key": "rates[0][base_orders_rate_id]",
											"value": "1",
											"type": "text"
										},
										{
											"key": "rates[0][value]",
											"value": "3",
											"type": "text"
										},
										{
											"key": "rates[1][base_orders_rate_id]",
											"value": "3",
											"type": "text"
										},
										{
											"key": "rates[1][value]",
											"value": "5",
											"type": "text"
										}
									]
								},
								"url": {
									"raw": "{{url}}rate_order",
									"host": [
										"{{url}}rate_order"
									]
								}
							},
							"response": []
						},
						{
							"name": "check out",
							"request": {
								"auth": {
									"type": "bearer",
									"bearer": [
										{
											"key": "token",
											"value": "{{client}}",
											"type": "string"
										}
									]
								},
								"method": "POST",
								"header": [
									{
										"key": "Accept-Language",
										"value": "ar",
										"type": "text"
									},
									{
										"key": "api-token",
										"value": "gh-general",
										"type": "text"
									},
									{
										"key": "",
										"value": "",
										"type": "text",
										"disabled": true
									}
								],
								"body": {
									"mode": "formdata",
									"formdata": [
										{
											"key": "order_id",
											"value": "103",
											"type": "text"
										},
										{
											"key": "special_instructions",
											"value": "special_instructions",
											"type": "text"
										},
										{
											"key": "comment",
											"value": "comment",
											"type": "text"
										},
										{
											"key": "pickup_date",
											"value": "2023-09-23",
											"description": "2023-07-04 19:24 must be the same format",
											"type": "text",
											"disabled": true
										},
										{
											"key": "pickup_driver_assigned_to_transportation_period_id",
											"value": "20",
											"type": "text",
											"disabled": true
										},
										{
											"key": "delivery_date",
											"value": "2023-09-24",
											"description": "2023-07-04 19:24 must be the same format",
											"type": "text",
											"disabled": true
										},
										{
											"key": "delivery_driver_assigned_to_transportation_period_id",
											"value": "20",
											"type": "text",
											"disabled": true
										},
										{
											"key": "company_id",
											"value": "18",
											"type": "text"
										},
										{
											"key": "delivery_type_id",
											"value": "9",
											"type": "text"
										},
										{
											"key": "client_location_id",
											"value": "12",
											"type": "text"
										},
										{
											"key": "client_id",
											"value": "27",
											"type": "text"
										},
										{
											"key": "promo_code",
											"value": "ewfwfwrf",
											"type": "text",
											"disabled": true
										},
										{
											"key": "items[0][product_option_id]",
											"value": "51",
											"type": "text"
										},
										{
											"key": "items[0][quantity]",
											"value": "2",
											"type": "text"
										},
										{
											"key": "items[1][product_option_id]",
											"value": "53",
											"type": "text"
										},
										{
											"key": "items[1][quantity]",
											"value": "6",
											"type": "text"
										},
										{
											"key": "items[2][product_option_id]",
											"value": "51",
											"type": "text",
											"disabled": true
										},
										{
											"key": "items[2][quantity]",
											"value": "4",
											"type": "text",
											"disabled": true
										}
									]
								},
								"url": {
									"raw": "{{url}}checkout",
									"host": [
										"{{url}}checkout"
									]
								}
							},
							"response": []
						},
						{
							"name": "add promoCode to order",
							"request": {
								"auth": {
									"type": "bearer",
									"bearer": [
										{
											"key": "token",
											"value": "{{client}}",
											"type": "string"
										}
									]
								},
								"method": "POST",
								"header": [
									{
										"key": "Accept-Language",
										"value": "ar",
										"type": "text"
									},
									{
										"key": "api-token",
										"value": "gh-general",
										"type": "text"
									},
									{
										"key": "",
										"value": "",
										"type": "text",
										"disabled": true
									}
								],
								"body": {
									"mode": "formdata",
									"formdata": [
										{
											"key": "order_id",
											"value": "102",
											"type": "text"
										},
										{
											"key": "promo_code",
											"value": "updated",
											"type": "text"
										},
										{
											"key": "company_id",
											"value": "18",
											"type": "text"
										}
									]
								},
								"url": {
									"raw": "{{url}}add_promo_code_to_order",
									"host": [
										"{{url}}add_promo_code_to_order"
									]
								}
							},
							"response": []
						},
						{
							"name": "add product items",
							"request": {
								"auth": {
									"type": "bearer",
									"bearer": [
										{
											"key": "token",
											"value": "{{client}}",
											"type": "string"
										}
									]
								},
								"method": "POST",
								"header": [
									{
										"key": "Accept-Language",
										"value": "ar",
										"type": "text"
									},
									{
										"key": "api-token",
										"value": "gh-general",
										"type": "text"
									},
									{
										"key": "",
										"value": "",
										"type": "text",
										"disabled": true
									}
								],
								"body": {
									"mode": "formdata",
									"formdata": [
										{
											"key": "items[0][product_option_id]",
											"value": "51",
											"type": "text"
										},
										{
											"key": "items[0][quantity]",
											"value": "2",
											"type": "text"
										},
										{
											"key": "company_id",
											"value": "18",
											"type": "text"
										}
									]
								},
								"url": {
									"raw": "{{url}}add_items_to_order",
									"host": [
										"{{url}}add_items_to_order"
									]
								}
							},
							"response": []
						}
					]
				},
				{
					"name": "Clients Location",
					"item": [
						{
							"name": "show",
							"request": {
								"auth": {
									"type": "bearer",
									"bearer": [
										{
											"key": "token",
											"value": "{{client}}",
											"type": "string"
										}
									]
								},
								"method": "GET",
								"header": [
									{
										"key": "Accept-Language",
										"value": "ar",
										"type": "text"
									},
									{
										"key": "api-token",
										"value": "gh-general",
										"type": "text"
									},
									{
										"key": "",
										"value": "",
										"type": "text",
										"disabled": true
									}
								],
								"url": {
									"raw": "{{url}}client_location",
									"host": [
										"{{url}}client_location"
									]
								}
							},
							"response": []
						},
						{
							"name": "create",
							"request": {
								"auth": {
									"type": "bearer",
									"bearer": [
										{
											"key": "token",
											"value": "{{client}}",
											"type": "string"
										}
									]
								},
								"method": "POST",
								"header": [
									{
										"key": "Accept-Language",
										"value": "ar",
										"type": "text"
									},
									{
										"key": "api-token",
										"value": "gh-general",
										"type": "text"
									},
									{
										"key": "",
										"value": "",
										"type": "text",
										"disabled": true
									}
								],
								"body": {
									"mode": "formdata",
									"formdata": [
										{
											"key": "client_id",
											"value": "23",
											"type": "text"
										},
										{
											"key": "lat",
											"value": "30.069589",
											"type": "text"
										},
										{
											"key": "long",
											"value": "30.069589",
											"type": "text"
										},
										{
											"key": "phone_number",
											"value": "01004258765",
											"type": "text"
										},
										{
											"key": "location_type",
											"value": "office",
											"description": "office , apartment , house",
											"type": "text"
										},
										{
											"key": "street",
											"value": "Istanbul",
											"type": "text"
										},
										{
											"key": "building",
											"value": "10",
											"type": "text"
										},
										{
											"key": "floor",
											"value": "2",
											"type": "text"
										},
										{
											"key": "apartment",
											"value": "as",
											"type": "text"
										},
										{
											"key": "detailed_address",
											"value": "qwwwww",
											"type": "text"
										},
										{
											"key": "additional_instructions",
											"value": "efef",
											"type": "text"
										},
										{
											"key": "telephone",
											"value": "23433",
											"type": "text"
										}
									]
								},
								"url": {
									"raw": "{{url}}client_location",
									"host": [
										"{{url}}client_location"
									]
								}
							},
							"response": []
						},
						{
							"name": "update",
							"request": {
								"auth": {
									"type": "bearer",
									"bearer": [
										{
											"key": "token",
											"value": "{{admin}}",
											"type": "string"
										}
									]
								},
								"method": "POST",
								"header": [
									{
										"key": "Accept-Language",
										"value": "ar",
										"type": "text"
									},
									{
										"key": "api-token",
										"value": "gh-general",
										"type": "text"
									},
									{
										"key": "",
										"value": "",
										"type": "text",
										"disabled": true
									}
								],
								"body": {
									"mode": "formdata",
									"formdata": [
										{
											"key": "id",
											"value": "9",
											"type": "text"
										},
										{
											"key": "client_id",
											"value": "23",
											"type": "text"
										},
										{
											"key": "lat",
											"value": "30.069589",
											"type": "text"
										},
										{
											"key": "long",
											"value": "30.069589",
											"type": "text"
										},
										{
											"key": "phone_number",
											"value": "010032433",
											"type": "text"
										},
										{
											"key": "location_type",
											"value": "apartment",
											"description": "office , apartment , house",
											"type": "text"
										},
										{
											"key": "street",
											"value": "street",
											"type": "text"
										},
										{
											"key": "building",
											"value": "bb",
											"type": "text"
										},
										{
											"key": "floor",
											"value": "2",
											"type": "text"
										},
										{
											"key": "apartment",
											"value": "ss",
											"type": "text"
										},
										{
											"key": "detailed_address",
											"value": "dtl",
											"type": "text"
										},
										{
											"key": "additional_instructions",
											"value": "add",
											"type": "text"
										},
										{
											"key": "telephone",
											"value": "1234",
											"type": "text"
										}
									]
								},
								"url": {
									"raw": "{{url}}client_location/update",
									"host": [
										"{{url}}client_location"
									],
									"path": [
										"update"
									]
								}
							},
							"response": []
						},
						{
							"name": "delete",
							"request": {
								"auth": {
									"type": "bearer",
									"bearer": [
										{
											"key": "token",
											"value": "{{token}}",
											"type": "string"
										}
									]
								},
								"method": "DELETE",
								"header": [
									{
										"key": "Accept-Language",
										"value": "ar",
										"type": "text"
									},
									{
										"key": "api-token",
										"value": "gh-general",
										"type": "text"
									},
									{
										"key": "",
										"value": "",
										"type": "text",
										"disabled": true
									}
								],
								"url": {
									"raw": "{{url}}client_location/9",
									"host": [
										"{{url}}client_location"
									],
									"path": [
										"9"
									]
								}
							},
							"response": []
						}
					]
				},
				{
					"name": "Clients profile",
					"item": [
						{
							"name": "view profile",
							"protocolProfileBehavior": {
								"disableBodyPruning": true
							},
							"request": {
								"auth": {
									"type": "bearer",
									"bearer": [
										{
											"key": "token",
											"value": "{{client}}",
											"type": "string"
										}
									]
								},
								"method": "GET",
								"header": [
									{
										"key": "Accept-Language",
										"value": "ar",
										"type": "text"
									},
									{
										"key": "api-token",
										"value": "gh-general",
										"type": "text"
									},
									{
										"key": "",
										"value": "",
										"type": "text",
										"disabled": true
									}
								],
								"body": {
									"mode": "formdata",
									"formdata": []
								},
								"url": {
									"raw": "{{url}}client/view_profile",
									"host": [
										"{{url}}client"
									],
									"path": [
										"view_profile"
									]
								}
							},
							"response": []
						},
						{
							"name": "update profile",
							"request": {
								"auth": {
									"type": "bearer",
									"bearer": [
										{
											"key": "token",
											"value": "{{client}}",
											"type": "string"
										}
									]
								},
								"method": "POST",
								"header": [
									{
										"key": "Accept-Language",
										"value": "ar",
										"type": "text"
									},
									{
										"key": "api-token",
										"value": "gh-general",
										"type": "text"
									},
									{
										"key": "",
										"value": "",
										"type": "text",
										"disabled": true
									}
								],
								"body": {
									"mode": "formdata",
									"formdata": [
										{
											"key": "name",
											"value": "mahmoudAbyusif",
											"type": "text"
										},
										{
											"key": "email",
											"value": "mahmoudgego333@gmail.com",
											"type": "text"
										},
										{
											"key": "password",
											"value": "testtest",
											"type": "text"
										},
										{
											"key": "phone",
											"value": "01006142792",
											"type": "text"
										},
										{
											"key": "age",
											"value": "25",
											"type": "text"
										},
										{
											"key": "address",
											"value": "Qaliubaa",
											"type": "text"
										},
										{
											"key": "gender",
											"value": "male",
											"type": "text"
										},
										{
											"key": "country id",
											"value": "19",
											"type": "text"
										}
									]
								},
								"url": {
									"raw": "{{url}}client/update_profile",
									"host": [
										"{{url}}client"
									],
									"path": [
										"update_profile"
									]
								}
							},
							"response": []
						}
					]
				},
				{
					"name": "Client auth",
					"item": [
						{
							"name": "login",
							"request": {
								"method": "POST",
								"header": [
									{
										"key": "Accept-Language",
										"value": "ar",
										"type": "text"
									},
									{
										"key": "api-token",
										"value": "gh-general",
										"type": "text"
									},
									{
										"key": "",
										"value": "",
										"type": "text",
										"disabled": true
									}
								],
								"body": {
									"mode": "formdata",
									"formdata": [
										{
											"key": "email",
											"value": "mahmoud@gmail.com",
											"type": "text"
										},
										{
											"key": "password",
											"value": "test",
											"type": "text"
										}
									]
								},
								"url": {
									"raw": "{{url}}client/login",
									"host": [
										"{{url}}client"
									],
									"path": [
										"login"
									]
								}
							},
							"response": []
						},
						{
							"name": "register",
							"request": {
								"method": "POST",
								"header": [
									{
										"key": "Accept-Language",
										"value": "ar",
										"type": "text"
									},
									{
										"key": "api-token",
										"value": "gh-general",
										"type": "text"
									},
									{
										"key": "",
										"value": "",
										"type": "text",
										"disabled": true
									}
								],
								"body": {
									"mode": "formdata",
									"formdata": [
										{
											"key": "token",
											"value": "26PnG",
											"type": "text",
											"disabled": true
										},
										{
											"key": "email",
											"value": "mahmoudgego@gmail.com",
											"type": "text"
										},
										{
											"key": "password",
											"value": "testtest",
											"type": "text"
										},
										{
											"key": "name",
											"value": "mahmoudgego88",
											"type": "text"
										},
										{
											"key": "phone",
											"value": "01006142799",
											"type": "text"
										},
										{
											"key": "age",
											"value": "24",
											"type": "text"
										},
										{
											"key": "address",
											"value": "Qaliub4",
											"type": "text"
										},
										{
											"key": "gender",
											"value": "male",
											"type": "text"
										},
										{
											"key": "country id",
											"value": "19",
											"type": "text"
										}
									]
								},
								"url": {
									"raw": "{{url}}client/register",
									"host": [
										"{{url}}client"
									],
									"path": [
										"register"
									]
								}
							},
							"response": []
						},
						{
							"name": "reset password",
							"request": {
								"method": "POST",
								"header": [
									{
										"key": "Accept-Language",
										"value": "ar",
										"type": "text"
									},
									{
										"key": "api-token",
										"value": "gh-general",
										"type": "text"
									},
									{
										"key": "",
										"value": "",
										"type": "text",
										"disabled": true
									}
								],
								"body": {
									"mode": "formdata",
									"formdata": [
										{
											"key": "email",
											"value": "admin@test.com",
											"type": "text"
										},
										{
											"key": "password",
											"value": "test",
											"type": "text"
										},
										{
											"key": "token",
											"value": "GJHVN",
											"type": "text"
										}
									]
								},
								"url": {
									"raw": "{{url}}client/reset_password",
									"host": [
										"{{url}}client"
									],
									"path": [
										"reset_password"
									]
								}
							},
							"response": []
						},
						{
							"name": "password reset token for clients",
							"protocolProfileBehavior": {
								"disableBodyPruning": true
							},
							"request": {
								"method": "GET",
								"header": [
									{
										"key": "Accept-Language",
										"value": "ar",
										"type": "text"
									},
									{
										"key": "api-token",
										"value": "gh-general",
										"type": "text"
									},
									{
										"key": "",
										"value": "",
										"type": "text",
										"disabled": true
									}
								],
								"body": {
									"mode": "formdata",
									"formdata": [
										{
											"key": "email",
											"value": "admin@test.com",
											"type": "text"
										},
										{
											"key": "password",
											"value": "test",
											"type": "text"
										}
									]
								},
								"url": {
									"raw": "{{url}}client/send_password_reset_token/anasemad518@gmail.com",
									"host": [
										"{{url}}client"
									],
									"path": [
										"send_password_reset_token",
										"anasemad518@gmail.com"
									]
								}
							},
							"response": []
						}
					]
				}
			]
		},
		{
			"name": "website Last by mahmoud",
			"item": [
				{
					"name": "home page",
					"item": [
						{
							"name": "show",
							"request": {
								"auth": {
									"type": "noauth"
								},
								"method": "GET",
								"header": [
									{
										"key": "Accept-Language",
										"value": "ar",
										"type": "text"
									},
									{
										"key": "api-token",
										"value": "gh-general",
										"type": "text"
									},
									{
										"key": "",
										"value": "",
										"type": "text",
										"disabled": true
									}
								],
								"url": {
									"raw": "{{url}}client/home_page",
									"host": [
										"{{url}}client"
									],
									"path": [
										"home_page"
									]
								}
							},
							"response": []
						}
					]
				},
				{
					"name": "offers page",
					"item": [
						{
							"name": "show",
							"request": {
								"auth": {
									"type": "noauth"
								},
								"method": "GET",
								"header": [
									{
										"key": "Accept-Language",
										"value": "ar",
										"type": "text"
									},
									{
										"key": "api-token",
										"value": "gh-general",
										"type": "text"
									},
									{
										"key": "",
										"value": "",
										"type": "text",
										"disabled": true
									}
								],
								"url": {
									"raw": "{{url}}client/offer",
									"host": [
										"{{url}}client"
									],
									"path": [
										"offer"
									]
								}
							},
							"response": []
						}
					]
				},
				{
					"name": "about us",
					"item": [
						{
							"name": "show",
							"request": {
								"auth": {
									"type": "noauth"
								},
								"method": "GET",
								"header": [
									{
										"key": "Accept-Language",
										"value": "ar",
										"type": "text"
									},
									{
										"key": "api-token",
										"value": "gh-general",
										"type": "text"
									},
									{
										"key": "",
										"value": "",
										"type": "text",
										"disabled": true
									}
								],
								"url": {
									"raw": "{{url}}about_us_page",
									"host": [
										"{{url}}about_us_page"
									]
								}
							},
							"response": []
						}
					]
				},
				{
					"name": "category page",
					"item": [
						{
							"name": "category",
							"request": {
								"auth": {
									"type": "noauth"
								},
								"method": "GET",
								"header": [
									{
										"key": "Accept-Language",
										"value": "ar",
										"type": "text"
									},
									{
										"key": "api-token",
										"value": "gh-general",
										"type": "text"
									},
									{
										"key": "",
										"value": "",
										"type": "text",
										"disabled": true
									}
								],
								"url": {
									"raw": "{{url}}category",
									"host": [
										"{{url}}category"
									]
								}
							},
							"response": []
						},
						{
							"name": "category with parent",
							"request": {
								"auth": {
									"type": "noauth"
								},
								"method": "GET",
								"header": [
									{
										"key": "Accept-Language",
										"value": "ar",
										"type": "text"
									},
									{
										"key": "api-token",
										"value": "gh-general",
										"type": "text"
									},
									{
										"key": "",
										"value": "",
										"type": "text",
										"disabled": true
									}
								],
								"url": {
									"raw": "{{url}}category?parent_id=24",
									"host": [
										"{{url}}category"
									],
									"query": [
										{
											"key": "parent_id",
											"value": "24"
										}
									]
								}
							},
							"response": []
						},
						{
							"name": "get company with category",
							"request": {
								"auth": {
									"type": "noauth"
								},
								"method": "GET",
								"header": [
									{
										"key": "Accept-Language",
										"value": "ar",
										"type": "text"
									},
									{
										"key": "api-token",
										"value": "gh-general",
										"type": "text"
									},
									{
										"key": "",
										"value": "",
										"type": "text",
										"disabled": true
									}
								],
								"url": {
									"raw": "{{url}}category/28/company",
									"host": [
										"{{url}}category"
									],
									"path": [
										"28",
										"company"
									]
								}
							},
							"response": []
						},
						{
							"name": "Product",
							"request": {
								"auth": {
									"type": "noauth"
								},
								"method": "GET",
								"header": [
									{
										"key": "Accept-Language",
										"value": "ar",
										"type": "text"
									},
									{
										"key": "api-token",
										"value": "gh-general",
										"type": "text"
									},
									{
										"key": "",
										"value": "",
										"type": "text",
										"disabled": true
									}
								],
								"url": {
									"raw": "{{url}}product?company_id=118&category_id=45",
									"host": [
										"{{url}}product"
									],
									"query": [
										{
											"key": "company_id",
											"value": "118"
										},
										{
											"key": "category_id",
											"value": "45"
										}
									]
								}
							},
							"response": []
						}
					]
				},
				{
					"name": "Cart",
					"item": [
						{
							"name": "client Cart",
							"request": {
								"auth": {
									"type": "bearer",
									"bearer": [
										{
											"key": "token",
											"value": "{{client}}",
											"type": "string"
										}
									]
								},
								"method": "GET",
								"header": [
									{
										"key": "Accept-Language",
										"value": "ar",
										"type": "text"
									},
									{
										"key": "api-token",
										"value": "gh-general",
										"type": "text"
									},
									{
										"key": "",
										"value": "",
										"type": "text",
										"disabled": true
									}
								],
								"url": {
									"raw": "{{url}}order/client/cart",
									"host": [
										"{{url}}order"
									],
									"path": [
										"client",
										"cart"
									]
								}
							},
							"response": []
						},
						{
							"name": "Client \"my orders\"",
							"request": {
								"auth": {
									"type": "bearer",
									"bearer": [
										{
											"key": "token",
											"value": "{{client}}",
											"type": "string"
										}
									]
								},
								"method": "GET",
								"header": [
									{
										"key": "Accept-Language",
										"value": "ar",
										"type": "text"
									},
									{
										"key": "api-token",
										"value": "gh-general",
										"type": "text"
									},
									{
										"key": "",
										"value": "",
										"type": "text",
										"disabled": true
									}
								],
								"url": {
									"raw": "{{url}}order/client",
									"host": [
										"{{url}}order"
									],
									"path": [
										"client"
									]
								}
							},
							"response": []
						},
						{
							"name": "Client order rate",
							"request": {
								"auth": {
									"type": "bearer",
									"bearer": [
										{
											"key": "token",
											"value": "{{client}}",
											"type": "string"
										}
									]
								},
								"method": "POST",
								"header": [
									{
										"key": "Accept-Language",
										"value": "ar",
										"type": "text"
									},
									{
										"key": "api-token",
										"value": "gh-general",
										"type": "text"
									},
									{
										"key": "",
										"value": "",
										"type": "text",
										"disabled": true
									}
								],
								"body": {
									"mode": "formdata",
									"formdata": [
										{
											"key": "order_id",
											"value": "94",
											"type": "text"
										},
										{
											"key": "comment",
											"value": "sesesese",
											"type": "text"
										},
										{
											"key": "rates[0][base_orders_rate_id]",
											"value": "1",
											"type": "text"
										},
										{
											"key": "rates[0][value]",
											"value": "3",
											"type": "text"
										},
										{
											"key": "rates[1][base_orders_rate_id]",
											"value": "3",
											"type": "text"
										},
										{
											"key": "rates[1][value]",
											"value": "5",
											"type": "text"
										}
									]
								},
								"url": {
									"raw": "{{url}}rate_order",
									"host": [
										"{{url}}rate_order"
									]
								}
							},
							"response": []
						},
						{
							"name": "check out",
							"request": {
								"auth": {
									"type": "bearer",
									"bearer": [
										{
											"key": "token",
											"value": "{{client}}",
											"type": "string"
										}
									]
								},
								"method": "POST",
								"header": [
									{
										"key": "Accept-Language",
										"value": "ar",
										"type": "text"
									},
									{
										"key": "api-token",
										"value": "gh-general",
										"type": "text"
									},
									{
										"key": "",
										"value": "",
										"type": "text",
										"disabled": true
									}
								],
								"body": {
									"mode": "formdata",
									"formdata": [
										{
											"key": "order_id",
											"value": "115",
											"type": "text"
										},
										{
											"key": "special_instructions",
											"value": "special_instructions",
											"type": "text"
										},
										{
											"key": "comment",
											"value": "comment",
											"type": "text"
										},
										{
											"key": "pickup_date",
											"value": "2023-09-23",
											"description": "2023-07-04 19:24 must be the same format",
											"type": "text",
											"disabled": true
										},
										{
											"key": "pickup_driver_assigned_to_transportation_period_id",
											"value": "20",
											"type": "text",
											"disabled": true
										},
										{
											"key": "delivery_date",
											"value": "2023-09-24",
											"description": "2023-07-04 19:24 must be the same format",
											"type": "text",
											"disabled": true
										},
										{
											"key": "delivery_driver_assigned_to_transportation_period_id",
											"value": "20",
											"type": "text",
											"disabled": true
										},
										{
											"key": "company_id",
											"value": "18",
											"type": "text"
										},
										{
											"key": "delivery_type_id",
											"value": "9",
											"type": "text"
										},
										{
											"key": "client_location_id",
											"value": "12",
											"type": "text"
										},
										{
											"key": "client_id",
											"value": "27",
											"type": "text"
										},
										{
											"key": "promo_code",
											"value": "ewfwfwrf",
											"type": "text",
											"disabled": true
										},
										{
											"key": "items[0][product_option_id]",
											"value": "51",
											"type": "text"
										},
										{
											"key": "items[0][quantity]",
											"value": "2",
											"type": "text"
										},
										{
											"key": "items[1][product_option_id]",
											"value": "53",
											"type": "text"
										},
										{
											"key": "items[1][quantity]",
											"value": "6",
											"type": "text"
										},
										{
											"key": "items[2][product_option_id]",
											"value": "51",
											"type": "text"
										},
										{
											"key": "items[2][quantity]",
											"value": "4",
											"type": "text"
										}
									]
								},
								"url": {
									"raw": "{{url}}checkout",
									"host": [
										"{{url}}checkout"
									]
								}
							},
							"response": []
						},
						{
							"name": "add promoCode to order",
							"request": {
								"auth": {
									"type": "bearer",
									"bearer": [
										{
											"key": "token",
											"value": "{{client}}",
											"type": "string"
										}
									]
								},
								"method": "POST",
								"header": [
									{
										"key": "Accept-Language",
										"value": "ar",
										"type": "text"
									},
									{
										"key": "api-token",
										"value": "gh-general",
										"type": "text"
									},
									{
										"key": "",
										"value": "",
										"type": "text",
										"disabled": true
									}
								],
								"body": {
									"mode": "formdata",
									"formdata": [
										{
											"key": "order_id",
											"value": "103",
											"type": "text"
										},
										{
											"key": "promo_code",
											"value": "updated",
											"type": "text"
										},
										{
											"key": "company_id",
											"value": "18",
											"type": "text"
										}
									]
								},
								"url": {
									"raw": "{{url}}add_promo_code_to_order",
									"host": [
										"{{url}}add_promo_code_to_order"
									]
								}
							},
							"response": []
						},
						{
							"name": "add product items",
							"request": {
								"auth": {
									"type": "bearer",
									"bearer": [
										{
											"key": "token",
											"value": "{{client}}",
											"type": "string"
										}
									]
								},
								"method": "POST",
								"header": [
									{
										"key": "Accept-Language",
										"value": "ar",
										"type": "text"
									},
									{
										"key": "api-token",
										"value": "gh-general",
										"type": "text"
									},
									{
										"key": "",
										"value": "",
										"type": "text",
										"disabled": true
									}
								],
								"body": {
									"mode": "formdata",
									"formdata": [
										{
											"key": "items[0][product_option_id]",
											"value": "53",
											"type": "text"
										},
										{
											"key": "items[0][quantity]",
											"value": "2",
											"type": "text"
										},
										{
											"key": "company_id",
											"value": "18",
											"type": "text"
										}
									]
								},
								"url": {
									"raw": "{{url}}add_items_to_order",
									"host": [
										"{{url}}add_items_to_order"
									]
								}
							},
							"response": []
						}
					]
				},
				{
					"name": "Clients Location",
					"item": [
						{
							"name": "show",
							"request": {
								"auth": {
									"type": "bearer",
									"bearer": [
										{
											"key": "token",
											"value": "{{client}}",
											"type": "string"
										}
									]
								},
								"method": "GET",
								"header": [
									{
										"key": "Accept-Language",
										"value": "ar",
										"type": "text"
									},
									{
										"key": "api-token",
										"value": "gh-general",
										"type": "text"
									},
									{
										"key": "",
										"value": "",
										"type": "text",
										"disabled": true
									}
								],
								"url": {
									"raw": "{{url}}client_location",
									"host": [
										"{{url}}client_location"
									]
								}
							},
							"response": []
						},
						{
							"name": "create",
							"request": {
								"auth": {
									"type": "bearer",
									"bearer": [
										{
											"key": "token",
											"value": "{{client}}",
											"type": "string"
										}
									]
								},
								"method": "POST",
								"header": [
									{
										"key": "Accept-Language",
										"value": "ar",
										"type": "text"
									},
									{
										"key": "api-token",
										"value": "gh-general",
										"type": "text"
									},
									{
										"key": "",
										"value": "",
										"type": "text",
										"disabled": true
									}
								],
								"body": {
									"mode": "formdata",
									"formdata": [
										{
											"key": "client_id",
											"value": "23",
											"type": "text",
											"disabled": true
										},
										{
											"key": "lat",
											"value": "30.069589",
											"type": "text"
										},
										{
											"key": "long",
											"value": "30.069589",
											"type": "text"
										},
										{
											"key": "phone_number",
											"value": "01004258765",
											"type": "text"
										},
										{
											"key": "location_type",
											"value": "office",
											"description": "office , apartment , house",
											"type": "text"
										},
										{
											"key": "street",
											"value": "Istanbul",
											"type": "text"
										},
										{
											"key": "building",
											"value": "10",
											"type": "text"
										},
										{
											"key": "floor",
											"value": "2",
											"type": "text"
										},
										{
											"key": "apartment",
											"value": "as",
											"type": "text"
										},
										{
											"key": "detailed_address",
											"value": "qwwwww",
											"type": "text"
										},
										{
											"key": "additional_instructions",
											"value": "efef",
											"type": "text"
										},
										{
											"key": "telephone",
											"value": "23433",
											"type": "text"
										}
									]
								},
								"url": {
									"raw": "{{url}}client_location",
									"host": [
										"{{url}}client_location"
									]
								}
							},
							"response": []
						},
						{
							"name": "update",
							"request": {
								"auth": {
									"type": "bearer",
									"bearer": [
										{
											"key": "token",
											"value": "{{client}}",
											"type": "string"
										}
									]
								},
								"method": "POST",
								"header": [
									{
										"key": "Accept-Language",
										"value": "ar",
										"type": "text"
									},
									{
										"key": "api-token",
										"value": "gh-general",
										"type": "text"
									},
									{
										"key": "",
										"value": "",
										"type": "text",
										"disabled": true
									}
								],
								"body": {
									"mode": "formdata",
									"formdata": [
										{
											"key": "id",
											"value": "12",
											"type": "text"
										},
										{
											"key": "client_id",
											"value": "23",
											"type": "text",
											"disabled": true
										},
										{
											"key": "lat",
											"value": "30.069589",
											"type": "text"
										},
										{
											"key": "long",
											"value": "30.069589",
											"type": "text"
										},
										{
											"key": "phone_number",
											"value": "010032433",
											"type": "text"
										},
										{
											"key": "location_type",
											"value": "apartment",
											"description": "office , apartment , house",
											"type": "text"
										},
										{
											"key": "street",
											"value": "street",
											"type": "text"
										},
										{
											"key": "building",
											"value": "xx",
											"type": "text"
										},
										{
											"key": "floor",
											"value": "2",
											"type": "text"
										},
										{
											"key": "apartment",
											"value": "x",
											"type": "text"
										},
										{
											"key": "detailed_address",
											"value": "axw",
											"type": "text"
										},
										{
											"key": "additional_instructions",
											"value": "add",
											"type": "text"
										},
										{
											"key": "telephone",
											"value": "1234",
											"type": "text"
										}
									]
								},
								"url": {
									"raw": "{{url}}client_location/update",
									"host": [
										"{{url}}client_location"
									],
									"path": [
										"update"
									]
								}
							},
							"response": []
						},
						{
							"name": "delete",
							"request": {
								"auth": {
									"type": "bearer",
									"bearer": [
										{
											"key": "token",
											"value": "{{client}}",
											"type": "string"
										}
									]
								},
								"method": "DELETE",
								"header": [
									{
										"key": "Accept-Language",
										"value": "ar",
										"type": "text"
									},
									{
										"key": "api-token",
										"value": "gh-general",
										"type": "text"
									},
									{
										"key": "",
										"value": "",
										"type": "text",
										"disabled": true
									}
								],
								"url": {
									"raw": "{{url}}client_location/13",
									"host": [
										"{{url}}client_location"
									],
									"path": [
										"13"
									]
								}
							},
							"response": []
						}
					]
				},
				{
					"name": "Clients profile",
					"item": [
						{
							"name": "view profile",
							"protocolProfileBehavior": {
								"disableBodyPruning": true
							},
							"request": {
								"auth": {
									"type": "bearer",
									"bearer": [
										{
											"key": "token",
											"value": "{{client}}",
											"type": "string"
										}
									]
								},
								"method": "GET",
								"header": [
									{
										"key": "Accept-Language",
										"value": "ar",
										"type": "text"
									},
									{
										"key": "api-token",
										"value": "gh-general",
										"type": "text"
									},
									{
										"key": "",
										"value": "",
										"type": "text",
										"disabled": true
									}
								],
								"body": {
									"mode": "formdata",
									"formdata": []
								},
								"url": {
									"raw": "{{url}}client/view_profile",
									"host": [
										"{{url}}client"
									],
									"path": [
										"view_profile"
									]
								}
							},
							"response": []
						},
						{
							"name": "update profile",
							"request": {
								"auth": {
									"type": "bearer",
									"bearer": [
										{
											"key": "token",
											"value": "{{client}}",
											"type": "string"
										}
									]
								},
								"method": "POST",
								"header": [
									{
										"key": "Accept-Language",
										"value": "ar",
										"type": "text"
									},
									{
										"key": "api-token",
										"value": "gh-general",
										"type": "text"
									},
									{
										"key": "",
										"value": "",
										"type": "text",
										"disabled": true
									}
								],
								"body": {
									"mode": "formdata",
									"formdata": [
										{
											"key": "name",
											"value": "mahmoudAbyusif",
											"type": "text"
										},
										{
											"key": "email",
											"value": "mahmoudgego333@gmail.com",
											"type": "text"
										},
										{
											"key": "password",
											"value": "testtest",
											"type": "text"
										},
										{
											"key": "phone",
											"value": "01006142792",
											"type": "text"
										},
										{
											"key": "age",
											"value": "25",
											"type": "text"
										},
										{
											"key": "address",
											"value": "Qaliubaa",
											"type": "text"
										},
										{
											"key": "gender",
											"value": "male",
											"type": "text"
										},
										{
											"key": "country id",
											"value": "19",
											"type": "text"
										}
									]
								},
								"url": {
									"raw": "{{url}}client/update_profile",
									"host": [
										"{{url}}client"
									],
									"path": [
										"update_profile"
									]
								}
							},
							"response": []
						}
					]
				},
				{
					"name": "Client auth",
					"item": [
						{
							"name": "login",
							"request": {
								"method": "POST",
								"header": [
									{
										"key": "Accept-Language",
										"value": "ar",
										"type": "text"
									},
									{
										"key": "api-token",
										"value": "gh-general",
										"type": "text"
									},
									{
										"key": "",
										"value": "",
										"type": "text",
										"disabled": true
									}
								],
								"body": {
									"mode": "formdata",
									"formdata": [
										{
											"key": "email",
											"value": "mahmoud@gmail.com",
											"type": "text"
										},
										{
											"key": "password",
											"value": "test",
											"type": "text"
										}
									]
								},
								"url": {
									"raw": "{{url}}client/login",
									"host": [
										"{{url}}client"
									],
									"path": [
										"login"
									]
								}
							},
							"response": []
						},
						{
							"name": "register",
							"request": {
								"method": "POST",
								"header": [
									{
										"key": "Accept-Language",
										"value": "ar",
										"type": "text"
									},
									{
										"key": "api-token",
										"value": "gh-general",
										"type": "text"
									},
									{
										"key": "",
										"value": "",
										"type": "text",
										"disabled": true
									}
								],
								"body": {
									"mode": "formdata",
									"formdata": [
										{
											"key": "email",
											"value": "mahmoudgego333@gmail.com",
											"type": "text"
										},
										{
											"key": "password",
											"value": "testtest",
											"type": "text"
										},
										{
											"key": "name",
											"value": "mahmoudgego333",
											"type": "text"
										},
										{
											"key": "phone",
											"value": "01006142792",
											"type": "text"
										},
										{
											"key": "age",
											"value": "24",
											"type": "text"
										},
										{
											"key": "address",
											"value": "Qaliub1",
											"type": "text"
										},
										{
											"key": "gender",
											"value": "male",
											"type": "text"
										},
										{
											"key": "country id",
											"value": "19",
											"type": "text"
										}
									]
								},
								"url": {
									"raw": "{{url}}client/register",
									"host": [
										"{{url}}client"
									],
									"path": [
										"register"
									]
								}
							},
							"response": []
						},
						{
							"name": "reset password",
							"request": {
								"method": "POST",
								"header": [
									{
										"key": "Accept-Language",
										"value": "ar",
										"type": "text"
									},
									{
										"key": "api-token",
										"value": "gh-general",
										"type": "text"
									},
									{
										"key": "",
										"value": "",
										"type": "text",
										"disabled": true
									}
								],
								"body": {
									"mode": "formdata",
									"formdata": [
										{
											"key": "email",
											"value": "admin@test.com",
											"type": "text"
										},
										{
											"key": "password",
											"value": "test",
											"type": "text"
										},
										{
											"key": "token",
											"value": "GJHVN",
											"type": "text"
										}
									]
								},
								"url": {
									"raw": "{{url}}client/reset_password",
									"host": [
										"{{url}}client"
									],
									"path": [
										"reset_password"
									]
								}
							},
							"response": []
						},
						{
							"name": "password reset token for clients",
							"protocolProfileBehavior": {
								"disableBodyPruning": true
							},
							"request": {
								"method": "GET",
								"header": [
									{
										"key": "Accept-Language",
										"value": "ar",
										"type": "text"
									},
									{
										"key": "api-token",
										"value": "gh-general",
										"type": "text"
									},
									{
										"key": "",
										"value": "",
										"type": "text",
										"disabled": true
									}
								],
								"body": {
									"mode": "formdata",
									"formdata": [
										{
											"key": "email",
											"value": "admin@test.com",
											"type": "text"
										},
										{
											"key": "password",
											"value": "test",
											"type": "text"
										}
									]
								},
								"url": {
									"raw": "{{url}}client/send_password_reset_token/anasemad518@gmail.com",
									"host": [
										"{{url}}client"
									],
									"path": [
										"send_password_reset_token",
										"anasemad518@gmail.com"
									]
								}
							},
							"response": []
						}
					]
				}
			]
		},
		{
			"name": "show",
			"request": {
				"auth": {
					"type": "bearer",
					"bearer": [
						{
							"key": "token",
							"value": "{{admin}}",
							"type": "string"
						}
					]
				},
				"method": "GET",
				"header": [
					{
						"key": "Accept-Language",
						"value": "ar",
						"type": "text"
					},
					{
						"key": "api-token",
						"value": "gh-general",
						"type": "text"
					},
					{
						"key": "",
						"value": "",
						"type": "text",
						"disabled": true
					}
				],
				"url": {
					"raw": "{{url}}transportation_period/10/driver",
					"host": [
						"{{url}}transportation_period"
					],
					"path": [
						"10",
						"driver"
					]
				}
			},
			"response": []
		}
	]
}